000001.wav|Рашааны орой сэрүүн салхи үлээж, саруул шөнө тэнгэрт асар олон од
000002.wav|Сургуулийн сурагчид спортын заланд цуглаж
000003.wav|Биеийн тамирын дасгалаа хийж эхлэхдээ амжилт гаргахын төлөө
000004.wav|Ресторан руу алхаж явахдаа сургуулийн багштай таарч сонирхолтой сэдвээр ярилцан
000005.wav|Сэрүүн борооны дараа сарнай цэцэгсийн анхилуун үнэр
000006.wav|Радарын тусламжтайгаар сансрын хөлөг аюулгүйгээр газардсан тухай
000007.wav|Саруул өрөөнд нарны туяа
000008.wav|Саруул өрөөнд нарны туяа цонхоор тусаж
000009.wav|Тэндээс нь рояал төгөлдөр хуур дээр
000010.wav|Ренценгийн зохион байгуулсан сургалтад сурагчид
000011.wav|Ренценгийн зохион байгуулсан сургалтад суралцагчид сонирхолтой илтгэлүүд сонсож
000012.wav|Шинэ мэдлэгээ амьдралд хэрэгжүүлэх
000013.wav|Сэрүүн өглөөний цагаар саруулхан гудамжинд хүмүүсийн хөл хөдөлгөөн эрчимтэй болж
000014.wav|Ромбо хэлбэртэй цонхны цаанаас сэрүү татсан борооны чимээ сонсогдож
000015.wav|Шөнө дөлөөр намуухан аяз тоглох мэт
000016.wav|Санах ойдоо хадгалсан бүхэн рояал төгөлдөр хуурын аялгуугаар амилж
000017.wav|Сэтгэлийн гүн дэх мэдрэмжүүд
000018.wav|Сарны гэрэлд гялалзах чулуунууд сансрын онгоцны сүүдэрт туссан туяа хоёрыг харж байсан эрдэмтэн
000019.wav|Робот инженерүүдийн хийсэн шинэ төхөөрөмж нь сансар огторгуйд хэрэглэгдэх зориулттай бөгөөд
000020.wav|Сургуулийн сурагчид багш нар болон эцэг эхчүүд хамтдаа сагсан бөмбөгийн талбай дээр сонирхолтой тэмцээнийг
000021.wav|Сайхан амьдрахын тулд сэтгэл зүрхээ зориулан хичээж
000022.wav|роботуудын оролцоотой үйлдвэрийн салбарууд хурдан хөгжиж
000023.wav|Саруулхан шөнө салхины сэрүүн мэдрэмж сарны туяаг даган урсах голын усны чимээгүүд
000024.wav|Гайхалтай тайван санагдана.
000025.wav|Ресторанд үйлчлүүлэхэд ажилчид үйлчилгээгээ сайжруулж
000026.wav|Үйлчлүүлэгчдийн сэтгэл ханамжийг
000027.wav|өндөр түвшинд хүргэхийг хичээдэг.
000028.wav|Сонирхолтой зохиол бичихийн тулд судалгаа хийж зохиолчийн санаагаа
000029.wav|Сүүлийн жилүүдэд санхүүгийн зах зээл томоохон өөрчлөлтүүд гарч хөрөнгө оруулалтын сонирхолтой боломжууд.
000030.wav|робот техник болон хиймэл оюун ухааны салбарын шинэчлэл хүн төрөлхтний ирээдүйд
000031.wav|маш ихээр нөлөөлнө гэж.
000032.wav|Сарны туяа цонхны шилэн дээр тусч
000033.wav|Сарны туяа цонхны шилэн дээр тусч өрөөг бүрэн гэгээтэй болгох нь.
000034.wav|Сургалтын төвд оюутнууд дата анализ хийх код бичих цаг.
000035.wav|Сургалтын төвд оюутнууд дата анализ хийх
000036.wav|Код бичих чадвараа сайжруулах хөтөлбөрт
000037.wav|Шинэ бүтээгдэхүүн зах зээлд гарсны дараа хэрэглэгчдийн хандалт нэмэгдэж
000038.wav|Компьютерийн лабораторт оюутнууд шинэ технологийг судалж дадлага ажлынхаа үр дүнг
000039.wav|Хотын шинэ төвд баригдсан оффисын барилга.
000040.wav|Орчин үеийн дэд бүтэцтэй ухаалаг технологийг
000041.wav|Хүүхдүүдийн сургалтад VR технологи ашигласнаар тэдний суралцах идэвх нэмэгдэж
000042.wav|Дэлхийн стартап форумд Монголын баг оролцож инновацилаг шийдлээ танилцуулсан нь.
000043.wav|Оюутнууд шинэ төслийн талаар багш нартайгаа хамтран ажиллаж
000044.wav|Хурлын үеэр шинэ технологуудын талаар илтгэгчид персентац хийж.
000045.wav|Хурлын үеэр шинэ технологуудын талаар илтгэгчид персентац хийж.
000046.wav|веб сайтын хөгжүүлэлтэд оролцсон баг SEO сайжруулалт хийж
000047.wav|веб сайтын хөгжүүлэлтэд оролцсон баг SEO сайжруулалт хийж
000048.wav|Вебсайтын хүүчүү лалтай тавраалтсан байг сиү сээжээрүү лалтээж.
000049.wav|Сурталчилгааны стратеги төлөвлөгөө гаргасан баг шинэ флатформ ашиглан.
000050.wav|Бизнес инкобатор залуу энтрепионаруудыг дэмжих
000051.wav|Шинэ хөтөлбөр эхлүүлсэн нь
000052.wav|Компьютерийн лабораторт багш нар оюутнуудад эй-ай технологийн талаарх мэдлэгээ хуваалцаж.
000053.wav|Дотоодын стартап компани сошиал медиа платформ
000054.wav|Дотоодын стартап компани сошиал медиа платформоор дамжуулан
000055.wav|Виртуал бодит байдалд суурилсан сургалтын платфорууд оюутнуудад хичээлийн туршлагын илүү сонирхолтай болгож байна.
000056.wav|Бизнесийн шинэ модель ашигласнаар компаний бүтээмж нэмэгдэж
000057.wav|Бизнесийн шинэ модель ашигласнаар компаний бүтээмж нэмэгдэж
000058.wav|Зочид буудлын үйлчилгээг сайжруулахын тулд автоматжуулсан систем
000059.wav|Маркетингийн баг контент хөгжүүлэлтээ дижитал платформд шилжүүлсэнээр хандалтын
000060.wav|Сошиал медиа хэрэглэгчид шинэ апплейкшины талаар эерэг сэтгэгдэл үлдээж
000061.wav|технологийн багийнхан шинэчлэлт хийхийн тулд дата анализ хийж
000062.wav|Программ хангамжийн хөгжүүлэгчид автоматжуулалтын шинэ софтвээр боловсруулж
000063.wav|Хотын төвд зохион байгуулсан олон улсын форумд технологийн дэвшил
000064.wav|инновацийн талаар хэлэлцлээ.
000065.wav|Шинэ стартап компани дижитал платформ ашиглан хэрэглэгчдийн датагаа хамгаалах
000066.wav|Роботын тусламжтайгаар сансарын станц дахь засварын ажил
000067.wav|Сургуулийн сурагчид сарны тухай судалгааны ажлаа
000068.wav|Сайхан амьдралын гол түлхүүр бол
000069.wav|Роботуудыг ашиглалт олон салбарт өргөжиж
000070.wav|Салхины хүчтэй улиралд сэргээгдэх эрчим хүчний хэрэглээ
000071.wav|рестораны амтат хоолнуудын жорыг шинээр нэмж
000072.wav|Сарны гэгээнд найзуудтайгаа зугаалж эртний соёлын тухай ярилцах
000073.wav|Сурагчид багшийнхаа удирдлага дор шинэ программчлалын хичээл хийнэ
000074.wav|Сэтгэлийн тэнхээгээ алдалгүй зорилгоо тодорхойлон урагшлах нь
000075.wav|Робот техникийн олимпиадад оролцсон сурагчид медал хүртэж
000076.wav|Салхины эрч хүчийг ашиглан эрчим хүч үйлдвэрлэх шинэ технологийг
000077.wav|Сарны зурагтай номын хавтас хүүхдүүдийн сонирхлыг
000078.wav|Робот гар урлалын бүтээлүүдийг нарийн хийцтэйгээр боловсруулах
000079.wav|гар урлалын бүтээлүүдийг нарийн хийцтэйгээр боловсруулах
000080.wav|Сайн сурагчид хичээлээс гадуур үйл ажиллагаанд
000081.wav|Сарны туяа усны гадарга дээр тусч гялалзах нь
000082.wav|Роботуудыг хөдөө аж ахуйн салбарт өргөнөөр ашиглах боломжтой болсон
000083.wav|Сонирхолтой тоглоомын дүрэмтэй уралдаан сурагчдын бүтээлч сэтгэлгээг
000084.wav|Хүмүүс зорилгодоо хүрэхийн тулд өөрийгөө удирдахыг
000085.wav|Робот туслагчийг ашиглан өвснүүдийг нарийн оношлох ажилд
000086.wav|Сарны нөлөө далайн түрлэгийг өөрчилж эргийн шугамыг
000087.wav|Робот гарын үйлдлийг хүнийхтэй ойролцоо хийх
000088.wav|Сургууль зохион байгуулсан спортын тэмцээн сурагчдын эв нэгдлийг
000089.wav|Сайн судалгаа хийхийн тулд шинжлэх ухааны мэдээллийн санг
000090.wav|Робот, техникийн сургалтын төвд хүүхдүүд шинэ мэдлэг эзэмшиж байна
000091.wav|Сарны туяаг шөнөжингөө ажиглаж
000092.wav|Сарны туяаг шөнөжингөө ажиглаж
000093.wav|Түүний хөдөлгөөнийг тэмдэглэх ажил
000094.wav|Сансарын аялалд зориулагдсан шинэ хөлгийг дэлхий нийтэд
000095.wav|Роботуудын тусламжтайгаар агуулах дах бараа материалын хяналтыг
000096.wav|Сэтгэл судлалын хичээлд оролцох нь хүний сэтгэл зүйн хөгжилд
000097.wav|Сарны зурагт ном бичсэн зохиолчид шагнал
000098.wav|Сарны зурагт ном бичсэн
000099.wav|Сарны зурагт ном бичсэн зохиолчид
000100.wav|Роботын тусламжтайгаар барилга угсралтын ажлыг
000101.wav|Сансарын хөлгийн бүрэн ажиллагааг шалгах туршилтыг амжилттай дуусгасан байна
000102.wav|Сарны туяа ойж эргийн шугамыг нарийн тодорхойлох боломжийг
000103.wav|Робот гар бүтээх технологийг дээд түвшинд
000104.wav|Сайхан харилцаа үүсгэхийн тулд бусдын санаа бодлыг
000105.wav|Сургуулийн багш нар сурагчдын амжилтанд дэмжлэг үзүүлэхийн тулд шинэ аргуудыг
000106.wav|Салхины хүчийг ашиглан цахилгаан үйлдвэрлэх нь
000107.wav|робото техник болон хиймэл оюун ухааны салбар шинэ эрин үеийг
000108.wav|Сарны зураг төсөл боловсруулахад инженерүүдийн ур чадвар
000109.wav|Робот гарын хөдөлгөөнийг сайжруулах
000110.wav|Робот гарын хөдөлгөөнийг сайжруулах технологийг хөгжүүлэх ажилд олон судлаачид
000111.wav|Сонирхолтой түүхүүдийг сонсох нь хүний төсөөллийг баяжуулж
000112.wav|Сургуулийн сурагчид багийн ажилд оролцсоноор өөрсдийн ур чадвараа
000113.wav|Сарны хөдөлгөөн болон түүнд нөлөөлдөг хүчин зүйлсийг судлах ажил
000114.wav|Робот гарын тусламжтайгаар нарийн мэс заслыг гүйцэтгэх боломжтой болсон байна.
000115.wav|Робот гарын тусламжтайгаар нарийн мэс заслыг гүйцэтгэх
000116.wav|Сургууль дээрх спортын тэмцээн сурагчдын уралдааныг сонирхолтой болгодог.
000117.wav|Сайхан харилцаа үүсгэхийн тулд өөрийн сэтгэл санаагаа зөв илэрхийлэх хэрэгтэй.
000118.wav|Робот хөлөг онгоцнуудыг үйлдвэрлэх ажлыг цоо шинэ түвшинд гаргалаа.
000119.wav|Сарны гэрэлд гялалзах далайн давалгааг харах нь хүний сэтгэлийг баясгадаг.
000120.wav|Сансарын судалгааны баг шинэ нээлтүүдийг дэлхий нийтэд
000121.wav|Робот ашиглан үйлдвэрлэлийн нарийн ажлыг хөнгөвчилөх шийдлүүдийг
000122.wav|Робот судлаачид шинэ төрлийн программчлалын аргачлал боловсруулахад
000123.wav|Рестораны ажилтнууд эрч хүчтэй үйлчлүүлэгчүүдийг угтаж
000124.wav|үйлчилгээний чанарыг сайжруулахыг хичээдэг.
000125.wav|Реклам сурталчилгааны зах зээлд өрсөлдөх чадвараа дээшлүүлэх нь чухал
000126.wav|Резинэн бөмбөг ашиглан хүүхдүүдийн тоглох талбайг
000127.wav|Роман унших нь сэтгэлийн амар амгаланг олох
000128.wav|Рекорд эвдсэн тамирчин олон хүний бахархлыг
000129.wav|Рестораны амтат хоолны жорыг нарийвчлан тэмдэглэж
000130.wav|Резинус үүсгэх технологи эрчим хүчний салбарт шинэчлэл авчирна.
000131.wav|Ретро стилийн хувцаслалт нь өнөөгийн залуусын
000132.wav|Роботын программчлалд гарсан алдаа
000133.wav|Рекламд ашигласан зураг төслийн бүтээгдэхүүний борлуултад
000134.wav|Ресторануудын хоолны амт чанарыг хэрэглэгчид
000135.wav|Резининг эдлэлүүд нь аюулгүй байдалд
000136.wav|Резюмээ сайжруулахын тулд мэргэжлийн зөвлөмжийг
000137.wav|Рекордыг эвдсэн тамирчны ялалтыг өргөн дэлгэр
000138.wav|Романтик үдэшлэг зохион байгуулах нь хүмүүсийн сэтгэлийг
000139.wav|Роботын нарийн үйлдлийг сайжруулах судалгаа үр дүнтэй болжээ.
000140.wav|Рекламын агуулгыг зорилтот хэрэглэгчдэд хүргэх нь
000141.wav|Резинийн тууз ашиглан шинэ төрлийн угсралтын технологийг
000142.wav|Реклам сурталчилгааны бүтээлч санаа борлуулалтыг нэмэгдүүлж чаддаг.
000143.wav|Ресторануудын уралдаан идэвхтэй өрнөж.
000144.wav|Резинансын эффектийг ашиглан үйлдвэрлэлийн салбарт шинэчлэл хийв.
000145.wav|Резинансын эффектийг ашиглан үйлдвэрлэлийн салбарт шинэчлэл хийв.
000146.wav|Робот техник эрүүл мэндийн салбарт.
000147.wav|Роман бичихдээ зохиолчид сэтгэл хөдлөлийг тодорхой дүрсэлдэг.
000148.wav|Реклам сурталчилгааны салбарын өрсөлдөөн нэмэгдэж байна.
000149.wav|Резин бэлдэхдээ албан ёсны загварыг
000150.wav|Робот гаргаж буй бүтээгдэхүүний
000151.wav|Ресторанууд хоорондоо өрсөлдөж үйлчилгээний төвшинг
000152.wav|Резонансийн технологи эрчим хүчний үйлдвэрлэлд
000153.wav|шинэ боломжуудыг нээж байна.
000154.wav|Рекорд эвдэхийг хүссэн тамирчин хичээл зүтгэл гарган
000155.wav|Рекорд эвдэхийг хүссэн тамирчин хичээл зүтгэл гарган бэлтгэл хийжээ
000156.wav|Романтик кинонуудыг үзэх нь хүмүүсийн сэтгэлийн амар амгаланг нэмэгдүүлдэг.
000157.wav|Роботууд хүний хөдөлмөрийг хөнгөвчилж үйлдвэрлэлийн үр ашгийг
000158.wav|Рекламын стратегийг сайтар боловсруулсан компани
000159.wav|Резинэн эдлэл үйлдвэрлэх салбар
000160.wav|Ресторануудын үйлчлэгчдийн харилцаа үйлчлүүлэгчдийн сэтгэл ханамжид
000161.wav|Робот гарын хөдөлгөөн хүний гарыг орлохуйц
000162.wav|Рекламны чанар бүтээгдэхүүний нэр хүндэд
000163.wav|Резонансийн үзэгдлийг ашиглах технологийг олон салбар
000164.wav|Роботууд үйлдвэрлэлийн бүх үе шатанд оролцох чадвартай болжээ.
000165.wav|Рекорд эвдсэн тамирчин шагнал гардаж гэр бүлээ
000166.wav|Роман бичихэд хэрэглэгддэг түүхэн баримтууд
000167.wav|Робот техник сурагчдын шинжлэх ухаанд
000168.wav|сурагчдын шинжлэх ухаанд сонирхлыг
000169.wav|Ресторанууд амт чанарыг илүү сайжруулах арга замуудыг
000170.wav|Резин дээрх мэдээллийг үнэн зөвөөр орлуулах нь
000171.wav|Резин дээрх мэдээллийг үнэн зөвөөр орлуулах нь чухал.
000172.wav|Реклам үзэгчдийн анхаарлыг татахуйц байх ёстой.
000173.wav|Робот программчиллын сургалтад суралцагчид ирээдүйн ажлын байранд бэлтгэгдэж байна
000174.wav|Резинансын онолыг ашиглан хөгжүүлсэн шинэ төхөөрөмж.
000175.wav|Ресторануудын хоолны цэс үйлчлүүлэгчдийн сонирхлыг татахуйц
000176.wav|Роботын үйл ажиллагааг хянах программ хангамжийг
000177.wav|Резинэн бүтээгдэхүүний чанар хүний өдөр тутмын хэрэглээнд
000178.wav|Монгол улсын улс төрийн нөхцөл байдлын талаарх ерөнхий зураглал
000179.wav|Монгол улс ардчилалд шилжсэнээс улс төрийн системд эрх зүйн орчин
000180.wav|Ардчилсан тогтолцооний үндсэн тулгуур нь үндсэн хууль бөгөөд энэ нь иргэдийн эрх, эрх чөлөөг хамгаалах.
000181.wav|Сүүлийн жилүүдэд Монголын улс төрийн байдал хэд хэдэн гол асуудал
000182.wav|Сүүлийн жилүүдэд Монголын улс төрийн байдалд хэд хэдэн гол асуудал онцгой анхаарал татаж байна.
000183.wav|Монгол улсад улс төрийн намууд сонгуулийн үйл явцад гол үүрэг гүйцэтгэдэг.
000184.wav|Санхүүжилтийн ил тод байдал
000185.wav|олон нийтийн шүүмжлэл дагуулдаг.
000186.wav|Улс төрийн намууд илүү тогтвортой шударга ардчилсан зарчимд суурилсан бүтэцтэй болох.
000187.wav|Засаглалын хяналт хариуцлага
000188.wav|Төрийн байгууллагуудын үйл ажиллагааны ил тод байдал.
000189.wav|Төрийн байгууллагуудын үйл ажиллагааны ил тод байдал.
000190.wav|хариуцлага хангалтгүй байгаа нь иргэдийн итгэлийг
000191.wav|Улс төрийн албан тушаалтнуудын авлига
000192.wav|Шийдвэр гаргах процессын бодитой байдал.
000193.wav|Орон нутгийн өөрөө удирдах байгууллагуудын эрх мэдэл санхүүгийн бие даасан байдал хязгаарлагдмал байгаа.
000194.wav|Орон нутгийн иргэдийн оролцоог нэмэгдүүлэх замаар нутгийн засаглалын үр өгөөжийг
000195.wav|Иргэний оролцоо итгэл
000196.wav|Иргэдийн улс төрийн оролцоо сул.
000197.wav|Сонгуулийн ирц буурч байгаа нь ноцтой асуудал юм.
000198.wav|Иргэд улс төрийн шийдвэр гаргалтад оролцох санаа бодлоо
000199.wav|Иргэдийн улс төрийн оролцоо сул.
000200.wav|Иргэд улс төрийн шийдвэр гаргалтад оролцох
000201.wav|санал бодлоо чөлөөтэй илэрхийлэх боломжийг бүрдүүлэх нь
000202.wav|Эдийн засгийн сорилт ба улс төрийн шийдвэрүүд
000203.wav|Монгол улсын эдийн засгийн тулгамдсан асуудлууд тухайлбал уул уурхайн салбарын үр ашигтай ашиглалт
000204.wav|Үрийн удирдлага зэргээс улс төрийн шийдвэр гаргалт
000205.wav|Эдийн засгийн тогтвортой байдлыг хангахын тулд урт хугацааны стратегийн бодлого боловсруулах
000206.wav|Монгол улсын улс төрийн тогтолцоо нь хөгжлийнхөө эхний үе шатанд байгаа боловч
000207.wav|Шударга ёсны зарчмуудыг сайжруулах шаардлагатай хэвээр байна.
000208.wav|Иргэн төвтэй, хариуцлагатай засаглал тогтоохын тулд улс төрийн намууд
000209.wav|Иргэний нийгмийн байгууллагууд хамтран ажиллах нь
000210.wav|Өвлийн хүйтэн өглөөний тунгалаг агаарт амьсгалах бүрийг
000211.wav|түүнийг амьдралын гүн утга учрыг эргэцүүлэхэд хүргэнэ.
000212.wav|Өвлийн хүйтэн өглөөний тунгалаг агаарт амьсгалах бүрийг цан уур болж харагдах нь
000213.wav|түүнийг амьдралын гүн утга учрыг эргэцүүлэхэд хүргэнэ.
000214.wav|Хурц нартай өдрийн туяа цэцэрлэгийн өнгө өнгийн цэцгүүд дээр тусах нь
000215.wav|Түүний сэтгэлийн нууцлаг хөндүүрийг нэгэн хором мартагдуулах шиг болов.
000216.wav|Шөнийн нам гүмд цонхон доорх модны навч үл мэдрэг чичрэхэд
000217.wav|түүний доторх уйтгар гуниг үл мэдэгдэх гүнээс өндийж мэт
000218.wav|Шөнийн нам гүмд цонхон доорх модны навч үл мэдрэг чичрэхэд
000219.wav|Шөнийн нам гүмд цонхон доорх модны навч үл мэдрэг чичрэхэд
000220.wav|түүний доторх уйтгар гуниг үл мэдэгдэх гүнээс
000221.wav|Бороотой өдрийн эхний дусал хацар дээр нь зөөлөн хүрэхэд
000222.wav|Дурсамжийн хуучин зурагт буцаж ирэхэд
000223.wav|Салхинд хийсэх навчсын чимээ орчлонд амьдрах
000224.wav|бүх зүйлийн нэгэн хэмнэлд орших
000225.wav|Тэрээр инээмсэглэн харж буй хүнийхээ нүдэнд өөрийн амьдралын хамгийн үнэтэй хором бүрийг
000226.wav|Шувуудын зөөлөн жиргээ холдож одоход түүний сэтгэлийн хөнгөн гуниг
000227.wav|дотроо хаанаас ч юм гарч ирэх
000228.wav|Оройн нар шингэх агшинд байгалийн уран зураг мэт алтан шаргал
000229.wav|Далайн давалгааны чимээ түүнийг урьд өмнө нь хэзээ ч мэдэрч байгаагүй тайван оршихуйн
000230.wav|Тэрээр ой дундуур алхахдаа өөрийн зүрхний цохилтыг байгалийн нэг хэсэг мэт санан
000231.wav|Түүний гараас зөөлөн атгаж буй ахмад хүний гарын хээ амьдралын бүх зовлон баяр баяслыг
000232.wav|Уулсын оргилд хүрэхэд түүний өмнө
000233.wav|Уулсын оргилд хүрэхэд түүний нүдний өмнө нээгдэх өргөн уудам байгаль түүний
000234.wav|Энэ өдрийн халуун наранд гүйж буй хүүхдүүдийн инээд хашхираан нь амьдралын утга учрыг
000235.wav|Бага насны дурсамж нь зөөлөн үнэр
000236.wav|ээжийнхээ халуун инээдийг санагдуулах мэт түүнийг
000237.wav|Бага насны дурсамж нь зөөлөн үнэр ээжийнхээ халуун инээдийг санагдуулах мэт
000238.wav|Шөнийн тэнгэрт гялалзах оддын дунд тэрээр өөрийгөө эгэл биш орчлонгийн нэгэн хэсэг гэж
000239.wav|Намрын навчсыг шувуудын далавчаар хийсгэх салхи түүнийг нэгэн гайхамшигт ертөнцөд
000240.wav|Өглөөний хүйтэн жаварт гараа дулаацуулан алхахдаа амьдралын үнэт мөчүүдийг
000241.wav|Ээжийнхээ гараас зөөлөн барьж энгэртээ наалдахад түүний амьдралын бүх хайр шингэж байгаа мэт
000242.wav|Оройн нарны туяа цонхоор тусахад түүний доторх айдас гуниг нь нэг мөчид хайлж
000243.wav|Ажлын өрөөнд зөөлөн гэрэл цонхоор орж ирэх алсын борооны чимээ түүнд
000244.wav|нам гүм тайван мэдрэмж төрүүлэв.
000245.wav|Хотоос хөдөө рүү явах замд хүүхэд насных нь дурсамжууд
000246.wav|Хөдөөний замын хажуугийн навчис дундуур
000247.wav|Хотоос хөдөө рүү явах замд хүүхэд насных нь дурсамжууд
000248.wav|Хөдөөний замын хажуугийн навчис дундуур
000249.wav|Шинэ жил ирж буй тухай бодол цонхоор харж буй цасан ширхэгтэй хослон
000250.wav|Давалгаалж буй далайн чимээг сонсох бүрдээ тэрээр амьдралын баяр баясгаланг
000251.wav|Энэ орой ажил дуусах мөчид түүний сэтгэлд нэгэн хөнгөн амар амгалан бий болж
000252.wav|Гудамжинд алхаж байгаа настай эмээгийн зөөлөн инээмсэглэл
000253.wav|хүмүүсийн сэтгэлийг дулаацуулсан мэт санагдана.
000254.wav|Нар жаргах мөчид уулсын оройгоос
000255.wav|Нар жаргах мөчид уулын оройгоос харахад түүний дотор өөрийнхөө жижигхэн оршихуйг ойлгосон мэт
000256.wav|Амттай кофе ууж буй тэрхэн агшин амьдралын хамгийн хамгийн үнэ цэнтэй хором мэт
000257.wav|Өглөөний нарны туяанд бүжиглэж буй тоосонцор дунд бага насныхаа дурсамжийг санах нь
000258.wav|Борооны дараах нартай өдөр цэцэрлэгийн навчсын доорх гялалзсан усны дусал
000259.wav|Хүүхдийн баярын өдөр парк дундуур алхахдаа хүүхдүүдийн инээд баяр хөөрийг нь харах нь
000260.wav|Шөнө дөлөөр бичиж буй захиа түүний сэтгэлийн хамгийн нандин илэрхийлж чадахгүй мэдрэмжүүдийг
000261.wav|Амьдралын хамгийн үнэ цэнтэй мөчүүдийг алдахгүйн тулд тэрээр ээжийнхээ энгэрт
000262.wav|Далайн эрэг дээр суухдаа түүний
000263.wav|Далайн эрэг дээр суухдаа түүний сэтгэл бүх зүйлээс ангижирч
000264.wav|Өөрийнхөө дотор орших амар амгаланг
000265.wav|Сарны гэрэлд цонхон дээрх номоо уншин суухдаа амьдралын утга учрыг
000266.wav|Алсад хөдлөх галт тэрэгний дуу түүний сэтгэлд бүхнийг эхлүүлж буй шинэ замнал мэт
000267.wav|Цонхны доорх саван дахь жижигхэн ургамал нь өдөр бүр
000268.wav|Энэ өглөө ажилдаа гарахдаа сэрүүн салхинд
000269.wav|Гудамжны модны доор зогсох нь
000270.wav|Хүйтэн өвлийн орой халуун хөнжилдөө хэвтэж буй тэр мөчид тэрээр амьдралдаа талархах
000271.wav|Цэцэрлэгт хүрээлэн дэхь эхийнхээ гар дээр инээмсэглэж буй хүүхдийн харц
000272.wav|Цэцэрлэгт хүрээлэн дэхь эхийнхээ гар дээр инээмсэглэж буй хүүхдийн харц
000273.wav|Технологийн хурдтай хөгжил бидний өдөр тутмын амьдралд
000274.wav|Технологи бидний амьдралын бүх хэсэгт нөлөөлж байна.
000275.wav|Утасгүй харилцаа, ухаалаг төхөөрөмжүүд
000276.wav|Интернетэд суурилсан үйлчилгээнүүдийн ачаар бид амь
000277.wav|Технологи бидний амьдралын бүх хэсэгт нөлөөлж байна.
000278.wav|Утасгүй харилцаа, ухаалаг төхөөрөмжүүд
000279.wav|Интернетэд суурилсан үйлчилгээнүүдийн ачаар бидний амьдрал илүү хурдан
000280.wav|Хүн бүр утсаа ашиглан ажлаа зохицуулж мэдээлэл хайж
000281.wav|Технологи хөгжихийн хэрээр хүмүүсийн ажлын байрны ирээдүйд
000282.wav|Хиймэл оюун ухаан автоматжуулалт зэрэг технологиуд зарим ажлын байрыг өөрчилж
000283.wav|гэхдээ үүний зэрэгцээ шинэ төрлийн мэргэжлүүд бий болж
000284.wav|хүмүүсээс илүү бүтээлч анализ хийх чадварыг
000285.wav|гэхдээ үүний зэрэгцээ шинэ төрлийн мэргэжлүүд бий болж
000286.wav|хүмүүсээс илүү бүтээлч анализ
000287.wav|гэхдээ үүний зэрэгцээ шинэ төрлийн мэргэжлүүд бий болж
000288.wav|гэхдээ үүний зэрэгцээ шинэ төрлийн мэргэжлүүд бий болж, хүмүүсээс илүү бүтээлч анализ хийх чадварыг
000289.wav|Монголын соёл ба өв уламжлал.
000290.wav|Орчин үеийн залуус уламжлалт соёлыг хэрхэн хадгалж түгээж байна вэ?
000291.wav|Залуус уламжлалт соёлыг орчин үеийн хэв маягтай уялдуулж түгээж байгаа нь сайшаалтай.
000292.wav|Жишээ нь үндэсний дээлний элемэнтүүдийг орчин үеийн загварт оруулах
000293.wav|ардын урлагийг дижитал платформоор түгээх зэрэг шинэлэг санаачилгууд.
000294.wav|Таны бодлоор соёлын өвийг хадгалах хамгийн үр дүнтэй арга зам юу вэ?
000295.wav|Соёлын өвийг хадгалахын тулд хүүхэд залуучуудад багаас нь мэдлэг олгох хэрэгтэй.
000296.wav|Мөн соёлын өвийг орчин үеийн технологид нийцүүлж,
000297.wav|Мөн соёлын өвийг орчин үеийн технологид нийцүүлж,
000298.wav|олон нийтэд хүртээмжтэй болгох нь
000299.wav|Жишээ нь ви ар болон эй ар технологийг ашиглан музейн үзмэрийг
000300.wav|виртуал орчинд үзүүлэх боломжтой.
000301.wav|Эрүүл амьдрахын тулд хүмүүс хамгийн түрүүнд юуг анхаарах хэрэгтэй вэ?
000302.wav|Эрүүл амьдрахын тулд зөв хооллолт, тогтмол дасгал хөдөлгөөн хангалттай
000303.wav|үүнээс гадна сэтгэл зүйн тогтвортой байдал маш чухал
000304.wav|Өөртөө цаг гаргаж хоббигоо хөгжүүлэх нь
000305.wav|Таньд өөрийн эрүүл амьдралын хэв маягийг хадгалахад тусалдаг
000306.wav|Өглөөний дасгал хийх, өдрийн турш хангалттай ус уух, оройн цагаар цахилгаан төхөөрөмжүүдээс хол байх нь
000307.wav|миний хамгийн үр дүнтэй дадлууд юм.
000308.wav|Эдгээр нь бие махбод болон сэтгэл санаанд
000309.wav|Эдгээр нь бие махбод болон сэтгэл санаанд маш эерэг
000310.wav|Та хамгийн сүүлд ямар ном уншсан бэ?
000311.wav|Таньд ямар сэтгэл үлдээв?
000312.wav|Би сүүлд нэг философийн ном уншсаан.
000313.wav|Энэ ном амьдралд тулгарч болох хүнд хэцүү сорилтуудыг хэрхэн эерэгээр хүлээн авах тухай өгүүлдэг байлаа
000314.wav|Туйлын сонирхолтой, бодож тунгаах зүйл ихтэй ном байсаан.
000315.wav|Хүүхэд залууст уншуулахыг зөвлөх ном бий юу?
000316.wav|Хүүхэд залууст үлгэр адал явдлын зохиол уншуулах нь төсөөлөн бодох чадвар
000317.wav|бүтээлч сэтгэлгээг хөгжүүлнэ гэж боддог.
000318.wav|Түүнчлэн Монгол ардын үлгэрүүдийн хичээл сургамжийг хүүхдүүд ойлгож
000319.wav|Нарны туяа цонхоор тусаж, өглөөний цайгаа уунгаа өнөөдөр
000320.wav|Нарны туяа цонхоор тусаж,
000321.wav|өглөөний цайгаа уунгаа өнөөдөр ямар сонирхолтой зүйл хийх вэ гэж бодлоо.
000322.wav|Эхлээд би гудамжинд гарч өглөөний шинэ агаар амьсгалангаа гүйхээр шийдэв.
000323.wav|Хурд нэмэн гүйж явахдаа зүлгэн дээрх жижигхэн хөөрхөн нохойтой танилцлаа.
000324.wav|Хөгжилтэй нь тэр надтай цуг гүйж,
000325.wav|бидний хэн нь хурдан болохыг хэлэхэд хэцүү.
000326.wav|Гэхдээ би ялагдаагүй гэж бодож байна.
000327.wav|Үдээс хойш найзуудтайгаа уулзаж, хамгийн том пиццаг захиалав.
000328.wav|Тийм ээ, хамгийн том пицца
000329.wav|Дээр нь бүх амттаныг нэмүүлж, ингээд наргиантай хамт амтлаад л идсэн шүү дээ.
000330.wav|Найзын маань нүүрэнд соустай хэсэг наалдаж үлдсэнийг хараад
000331.wav|Найзын маань нүүрэнд соустай хэсэг наалдаж үлдсэнийг хараад
000332.wav|орой нь бид караокед орж хамгийн чанга, хамгийн хөгжилтэй дууг сонгон дуулсан.
000333.wav|Миний хоолойны чадал хангалтгүй байсан ч сэтгэл зүрхээрээ дууллаа.
000334.wav|Бүгд нэг дор цогцолж, оройг
000335.wav|өнөөдөр адал явдал, инээд, баяр баясгалан амттай
000336.wav|амттай хоол, хөгжилтэй мөчүүдээр дүүрэн байлаа
000337.wav|Сэрээрэй, хүн бүрт өглөөний мэнд!
000338.wav|Өглөөний цайгаа уунгаа, өнөөдөр юу хийх вэ гэж бодож байгаа биз дээ?
000339.wav|Юу ч хийсэн зүгээр л цоглог байгаарай.
000340.wav|Гудамжинд алхаж байгаа бол нүүрэндээ инээмсэглэл тодруулаад эргэн тойронд байгаа байгаль, хүмүүсийг анзаарч хар.
000341.wav|Хөөрхөн цэцэг, нарны туяа эсвэл жижигхэн бор шувууг харсан уу?
000342.wav|Эдгээр нь бидний өдрийг гэгээлэг болгодог
000343.wav|Дэлхий таныг таньж чадахаар гялалз
000344.wav|эрч хүчээ харуул, хэн нэгэнд
000345.wav|Магадгүй хажуугаар өнгөрөх хэн нэгэн таны инээмсэглэлээс урам аваад
000346.wav|цоглог зар сурталчилгаа маягийн текст
000347.wav|Та цоглог, эрч хүчтэй амьдрал руу үсэрч ороход бэлэн үү?
000348.wav|Өнөөдөр таны өдөр шүү.
000349.wav|Дэлхий таныг инээмсэглэн угтаж байна.
000350.wav|Өнөөдрийг хөгжөөнтэй мартагдашгүй болгохын тулд зүгээр л мөрөөдөөд хэрэггүй.
000351.wav|Эхлээд нэг том гүнзгий амьсгал аваад,
000352.wav|Эхлээд нэг том гүнзгий амьсгаа аваад,
000353.wav|одоо зогсолтгүйгээр инээмсэглэж эхлээрэй
000354.wav|Яагаад гэвэл таныг аз жаргалтай болгох бүх зүйл яг энд, таны гар дор байна.
000355.wav|Энэ бол энгийн. Эерэгээр бод, инээ, аз жаргалаа бусадтай хуваалц
000356.wav|Цоглог өдөр, гайхалтай амжилт, аз жаргал
000357.wav|Өндөр уулсын оргилд хөвч шиг зөөлөн өвс ургасан нь
000358.wav|шувуудын жиргээн өглөөний салхины аясаар
000359.wav|Хурмаст тэнгэр хязгааргүй цэнхэрлэж, хөх уулсын оройгоор хөвөх үүлс салхинд хурднаар алслан одох нь
000360.wav|үнэхээр гайхамшигтай дүр зураг байлаа.
000361.wav|Шинэхэн цай үнэртүүлэн буцалгах эхийн гараас халуун аяга атган суухдаа
000362.wav|Өвлийн жавар хөлд орохоос өмнө
000363.wav|Жижигхэн модон байшингийн цонхоор шөнийн сарны гэрэл тусахад
000364.wav|үүдэнд өлгөсөн шүхэр салхинд зөөлөн савлаж
000365.wav|Хажуугийн цэцэрлэгт хүрээлэнгийн өвсөн дундуур жижигхэн шоргоолзнууд өнгөрөх нь
000366.wav|Хэдэн жилийн өмнө хөдөөгийн жижигхэн тосгонд амьдарч байхдаа шөнийн тэнгэрийг ажиж
000367.wav|өнөөдрийнх шиг зөөлөн салхины чимээнд үлгэр сонсдог байсан тэр үеэ дурсахад
000368.wav|Өндөр байшингуудын хоорондох хүйтэн гудамжаар шөнийн сүүдэр шиг хурдан хөдлөх хүн
000369.wav|Хажуугаар өнгөрсөн хүмүүсийн царайд зөөлөн инээмсэглэл
000370.wav|Хүчтэй салхинаас хамгаалан шүхрээ чанга атгасан залуу
000371.wav|Жимсний үнэртэй шүүсээ уунгаа шувуудын жиргээг чимээгүйхэн
000372.wav|Шөнийн хүйтэн жавартай агаарт өвлийн сарны гэрэлд цасан дээрх
000373.wav|Шөнийн хүйтэн жавартай агаарт өвлийн сарны гэрэлд цасан дээр тусахад
000374.wav|Уулсын оройг тойрон хөвөх үүлс хөлдсөн мэт хөдөлгөөнгүй харагдаж
000375.wav|Халуун зуны өдөр байшингуудын хоорондох сүүдэрт сууж
000376.wav|Шүүдрийн үнэртэй өвсний дээр эрвээхэй нам гүмхэн дэвж,
000377.wav|шуугилдан гүйж өнгөрөхийг харах нь жинхэнэ
000378.wav|Өнгөрсөн өвөл хүйтэн салхи шөнөжин уулсын бэлээр тачигнаж
000379.wav|хүмүүс өвлийн хувцсаа зузаалж,
000380.wav|зуухандаа галаа өрдөн гэрийн доторх дулааныг хадгалах гэж
000381.wav|Шинэхэн шүүдэрт норсон өвсийг хөлөөрөө зөөлөн гишгэж алхахад өглөөний нарны туяа уулсын орой дээгүүр гялалзан, тэнгэрт хөвөх үүлсийг алсаас харан
000382.wav|Өвлийн хүйтэн жавартай шөнийн салхи нь гэрийн цонхны цаанаас халаасангаараа
000383.wav|Уулсын орой дээгүүр туяарсан сарны гэрэлд бодлогоширч байлаа.
000384.wav|Хурдан хөдөлгөөнтэй, жижигхэн шувууд мөчир дамжин нисэхийг хараад халуун цай ууж суух нь
000385.wav|зөөлөн салхины аясаар амар амгаланг мэдрүүлж байв.
000386.wav|Хүйтэн өглөө цэцэрлэгийн жижигхээн байшингаас гарахад шүүдэртэй өвс хөлд орж,
000387.wav|өндөр уулсын хормойгоор хүйтэн ус урсаж,
000388.wav|тэнгэрт хөвөх үүлс салхинд аажуухан хөдөлж
000389.wav|Хүний сэтгэлд зөөлөн дурсамж үлдээсэн хүүхэд насны тоглоомын талбай одоо оршин буй газарт
000390.wav|Хүний сэтгэлд зөөлөн дурсамж үлдээсэн хүүхэд насны тоглоомын талбай одоо оршин буй газарт
000391.wav|Халуун зуны өдөр цонхны хажууд суугаад шүлэг бичихдээ жимсний үнэрт шүүс ууж
000392.wav|өдрийг дуусгахаар төлөвлөж байсан тэр цаг үеэ
000393.wav|Өндөр уулсын оройгоор үүлс хөвж, шөнө дунд салхины аясаар хөдлөх моддын чимээнд
000394.wav|Хамгийн жижигхэн зүйлээс ч аз жаргалыг мэдрэх боломжтойг ойлгосон тэр өдөр
000395.wav|Жимсний модны доор суугаад салхинд хийсэх навчсыг
000396.wav|Өвөл ойртсон шөнө дөлөөр уулын хажуугийн жижигхэн гэрт шөнийн салхи сийв.
000397.wav|Өвөл ойртсон шөнө дөлөөр уулын хажуугийн жижигхэн гэрт
000398.wav|Шинэхэн жимсний үнэртэй шүүс уунгаа шөнөжийн бодлогоширон суугаа хүн
000399.wav|Уулсын орой дээгүүр шөнийн сарны гэрэл тусахыг харж
000400.wav|Хэт их ажлаас болж шөнөжин нойргүй сууж өглөөний цайны цагаар шүүслэг жимс идэхдээ
000401.wav|Шөнийн тэнгэрт хөвж буй үүлсийн дунд одод анивчиж
000402.wav|Тэнгэрт дүүлэн нисэх шувуудын чимээг
000403.wav|Халуун зуны үдээс хойш шүлэг бичиж шүүдэрт норсон навчсыг түүж байхад
000404.wav|салхи аажмаар намуухан үлээж байв.
000405.wav|Өөрийн гэрийн цонхоор тэнгэрийн хаяаг ажиглаж
000406.wav|уулсын хормойгоор хөвөх үүлсийг харангаа шүлэг зохиож суулаа.
000407.wav|Жижигхээн хүүхдүүд шөнийн салхинд хөгжилдөж уулын бэл дэхь моддын мөчир дээр шувуудын жиргээ
000408.wav|Халуун өдөр шүүдэртэй өвсөн дээр хэвтэж, хажуугаар нисэх жижигхэн шувуудын дууг сонсон,
000409.wav|өндөр уулсын хормойгоор хөвж буй үүлс шөнийн сарны гэрэлд туяарах нь үнэхээр гайхамшигтай дүр зураг байлаа.
000410.wav|Халуун өдөр моддын сүүдэрт сууж,
000411.wav|шүүдэрт норсон өвсөөр бөмбөг хийж тоглож байгаа хүүхдүүдийн инээд
000412.wav|жижигхээн цонхоороо хүйтэн салхийг мэдэрч,
000413.wav|уулсын дээгүүр шөнийн сар туяарсан нам гүмхэн орчныг
000414.wav|хүчтэй салхи уулсын хормойгоор салхилж
000415.wav|шөнийн сарны гэрэлд шүүдэрт норсон өвс
000416.wav|шөнө дөлөөр уулын хажуугийн жижигхээн гэрт
000417.wav|хурдан хөдөлгөөнтэй шувууд
000418.wav|хурдан хөдөлгөөнтэй шувууд уулын хормойгоор нисч
000419.wav|Халуун өдөр шүүдэртэй өвсөн дээр хэвтэж хажуугаар нисэх жижигхээн шувуудын дууг
000420.wav|жижигхэн моддын байшингийн цонхоор шөнийн сарны гэрэл тусахад
000421.wav|Өндөр уулсын дээгүүр шөнийн сар туяарч
000422.wav|Салхины аясаар моддын мөчир зөөлөн найгах чимээ сонсогдон
000423.wav|Уулсын хормойгоор шөнийн ангуучлах шувууд
000424.wav|Шинэхэн жимсний үнэртэй цайны аяга атган
000425.wav|уулсын бэлээр шүүдэрт норсон өвсний дунд
000426.wav|Жижигхээн хашаан дотор моддын доор сууж, шөнийн тэнгэрт үүлс хөвөн
000427.wav|жимсний амттай шүүс уунгаа тайвширч байв.
000428.wav|Халуун зуны орой уулсын дээгүүр шөнийн сар гэрэлтэж,
000429.wav|хажуугийн цонхоор шөнийн салхи сэвэлзэхэд
000430.wav|өвлийн хүйтэн жавар уулсын хормойгоор эрчтэй үлээж,
000431.wav|шөнийн сарны гэрэлд жимсний моддын мөчир
000432.wav|Хүчтэй салхины аясаар уулын хажуугийн жижигхээн гэрийн дээвэр донсолж,
000433.wav|цонхны гаднаас моддын навчис
000434.wav|Жижигхээн цонхтой байшингаас өглөөний нарны туяаг харж
000435.wav|Уулын хормойгоор хөвөх үүлсийн шүүдэрт норсон өвс дээгүүр
000436.wav|Шөнийн сарны гэрэл уулсын оройг туяаруулж,
000437.wav|Халуун өдөр цонхны хажууд сууж, шүүслэг
000438.wav|Халуун өдөр цонхны хажууд сууж, шүүслэг жимс идэхдээ шүлэг бичиж
000439.wav|байгалийн дуу чимээг анзааран, өөрийн бодолдоо автлаа.
000440.wav|Жижигхээн хашааны цаана шөнийн тэнгэрийн одод түгэхэд
000441.wav|шувуудын жиргээ моддын дээгүүр сонсогдож, салхины аясаар өвс нам гүмхэн найгаж байв.
000442.wav|Халуун зуны өдөр шүүдэрт норсон өвсөөр бөмбөг хийж тоглож байгаа
000443.wav|уулсын хормойгоор цуурайтаж байлаа.
000444.wav|Шөнийн хүйтэн салхи уулсын хажуугаар үлээж,
000445.wav|цонхны хажуугийн моддын мөчир салхинд савлаж,
000446.wav|өндөр уулсын хормойгоор хөвөх үүлс сарны гэрэлд туяарч
000447.wav|Салхины аясаар моддын мөчир
000448.wav|шөнийн тэнгэрт үүлс хөвж
000449.wav|уулсын оройгоор сарны гэрэл тусахад
000450.wav|моддын мөчир дээр суусан жижигхээн шувуудын дуу
000451.wav|халуун зуны өдөр уулын хажууд сууж
000452.wav|шүүслэг жимс амтлан, салхины аясаар шүүдэрт норсон өвсний үнэрийг мэдрэх нь
000453.wav|жижигхээн модон байшингийн цонхоор шөнийн сарны гэрэл тусахад
000454.wav|хүний сэтгэлд гүн үлдсэн шөнийн
000455.wav|уулсын дундах хүйтэн салхи сарны гэрэлд гялтганасан шүүдэртэй өвсийг хараад
000456.wav|Өвлийн шөнийн хүйтэн жаварт салхины аясаар моддын мөчир намуухан савлаж,
000457.wav|уулын оройгоор сарны гэрэл туяарч байв.
000458.wav|Шөнийн нам гүмд уулын хажуугийн жижигхээн гэрт салхи сийгэж,
000459.wav|Цонхны гаднаас шөнийн шувуудын дуу
000460.wav|Шүүслэг жимс амтлангаа шөнийн салхины чимээнд уулсын бэлээр шөнийн сарны гэрэлд туяарсан үүлсийг ажиглах нь
000461.wav|Хүйтэн өглөө уулын хажуугийн жижигхээн байшингаас гарахад салхины аясаар шүүдэртэй
000462.wav|халуун өдөр уулын хормойгоор шүүслэг жимс модноос унахыг хараад
000463.wav|Салхины аясаар шүүдэрт норсон өвсний үнэрт автлаа.
000464.wav|Өндөр уулсын хормойгоор шөнийн сарны гэрэлд туяарч
000465.wav|үүлс, салхины аясаар намуухаан хөвөх нь
000466.wav|жижигхээн хүүхдүүд шөнийн салхинд хөгжилдөж
000467.wav|уулын бэл дэхь моддын мөчир дээр шувуудын жиргээ тод сонсогдож байв.
000468.wav|Шөнийн хүйтэн агаарт сарны гэрэлд гялтганасан шүүдэртэй
000469.wav|уулсын оройгоор хөвөх үүлсийг ажиглан
000470.wav|Шөнийн тэнгэрт анивчих оддын дунд сарны гэрэл уулсын орой дээр тусч байхад
000471.wav|Энэ гайхамшигтай дүр зургийг хаанаас олж, дахин харж
000472.wav|Халуун зуны өдөр уулсын хормойгоор шүүдэртэй өвсөн дундуур алхахдаа амьдралынхаа хамгийн чухал шийдвэрийг
000473.wav|Жимсний модны доор шувуудын жиргээг сонсон шүлэг бичихдээ яагаад бидний сэтгэл
000474.wav|ийм их амар амгалан төрдөг юм бол?
000475.wav|Хүн бүр өөрийн амьдралын утга учрыг хайж байхад уулын бэлд
000476.wav|Энгийн тайван амьдралыг яагаад бид
000477.wav|Сарны гэрэлд уулсын орой дээгүүр үүлс хөвж байхыг харахад
000478.wav|сэтгэлд тайван амгалан байдал төрөх нь бидний төрөлхийн
000479.wav|зөн совинтой холбоотой байж болох уу?
000480.wav|Шөнийн хүйтэн агаарт шүүдэрт норсон өвсний үнэрийг амтлан суухдаа
000481.wav|бидний бодол яагаад үргэлж ирээдүйг төсөөлж эхэлдэг юм бол?
000482.wav|Уулсын хормойгоор шөнийн шувууд нисч байхад бидний амьдралын замнал
000483.wav|ямар утга учиртай вэ гэж
000484.wav|Уулсын хормойгоор шөнийн шувууд нисч байхад бидний амьдралын замнал
000485.wav|өөрт байгаа зүйлсээ бүрэн мэдрэхэд уулсын бэлээр
000486.wav|салхины аясаар савлаж буй моддын мөчир
000487.wav|Хүүхэд байхдаа шөнийн оддын доор мөрөөдөж суусан тэр мөчид
000488.wav|Хүүхэд байхдаа шөнийн оддын доор мөрөөдөж суусан тэр мөчүүд
000489.wav|яагаад бидний одоогийн амьдралыг
000490.wav|Хүйтэн жаварт уулын оройгоор сарны гэрэл туяарах үед хүн яагаад бодлоо цэгцэл
000491.wav|Жижигхээн модон байшинд шөнийн салхины чимээг сонсохдоо
000492.wav|Өвлийн хүйтэн шөнө уулын хажуугаар үлээх салхи бидэнд ямар үл үзэгдэх түүхийг
000493.wav|Халуун зуны өдөр жимсний модны доор суугаад өөртөө тулгарсан хамгийн том сорилтыг
000494.wav|Халуун өдөр жимсний модны доор суугаад өөртөө тулгарсан хамгийн том сорилтыг яагаад дахин эргэцүүлэн
000495.wav|Уулсын бэлд шөнийн сарны гэрэлд туяаран байгаа үүлс бидэнд өнгөрсөн амьдралынхаа ямар нэгэн нууцлаг
000496.wav|шүүслэг жимс идэж байхдаа бидний хамгийн аз жаргалтай мөчүүд
000497.wav|Яагаад үргэлж энгийн зүйлээс эхэлдэг вэ гэж та
000498.wav|Өндөр уулсын хормойгоор хөвж буй үүлс бидний амьдралд юу
000499.wav|авчрах ёстой гэж боддог вэ?
000500.wav|Өөрийн амьдралыг зүг чигтэй болгож, уулсын оройгоор хөвж  үүлс шиг
000501.wav|Жижигхээн шувуудын дууг сонсоход яагаад бидний сэтгэл
000502.wav|Өндөр уулсын хормойгоор шөнийн сарны гэрэл туяарч байхад
000503.wav|Өндөр уулсын хормойгоор шөнийн сарны гэрэл туяарч байхад
000504.wav|хүн яагаад амьдралын утга учрыг
000505.wav|Өнгөрсөн шөнө шувуудын суваг
000506.wav|Өнгөрсөн шөнө шувуудын дууг сонсож байхдаа ямар бодол таныг хамгийн ихээр
000507.wav|Шөнийн тэнгэрт анивчих оддын доор мөрөөдөхдөө бидний ирээдүй ямар байдлаар өөрчлөгдөж болохыг
000508.wav|Хүйтэн өглөө уулын хажуугийн жижигхээн байшингаас гарахдаа
000509.wav|Ямар утгатай болохыг та бодож байсан уу?
000510.wav|Халуун зуны өдөр шүүдэртэй өвсөн дээр хэвтэхдээ яагаад бидний бодол
000511.wav|Өндөр уулсын хормойгоор шөнийн сарны гэрэлд хөвж буй үүлс
000512.wav|Өвлийн шөнө уулын хажуугийн жижигхээн гэрт
000513.wav|салхины аясаар намуухан савлаж буй моддын
000514.wav|Халуун өдөр цонхны хажууд сууж шүүслэг жимс идэхдээ та амьдралдаа хамгийн чухал шийдвэрийг
000515.wav|Шөнийн хүйтэн агаарт сарны гэрэлд гялтганаж буй шүүдэртэй өвсний дундаас бид
000516.wav|утга учрыг хайх ёстой вэ?
000517.wav|Жижигхээн хашааны цаана уулын бэлд
000518.wav|Шөнө дөлөөр уулсын дунд аялаж явахдаа
000519.wav|та амьдралдаа хамгийн их утга учиртай мөчөө эргэн санаж үзсэн үү?
000520.wav|Шүүслэг жимс идэж байхдаа уулсын оройгоор
000521.wav|Шөнийн сарны гэрэлд туяарч байхыг харах үед
000522.wav|Өнгөрсөн шөнийн хүйтэн агаарт шөнийн сар уулсын орой дээр гэрэлтэж байхад
000523.wav|Жижигхээн модон байшингаас шөнийн тэнгэрт анивчих оддыг
000524.wav|амьдралынхаа хамгийн хэцүү үеийг
000525.wav|яаж давж байсан тухайгаа бодож байсан уу?
000526.wav|Өвлийн шөнө уулын хормойгоор хөвж буй үүлс бидэнд ямар шинэ боломжуудыг авчирч болохыг
000527.wav|Өнгөрсөн амьдралдаа уулсын дундах байгальтай холбоотой ямар гайхалтай дурсамж
000528.wav|Өвлийн хүйтэн салхинд уулын хажуугаар алхаж байгаа хүн яагаад амьдралынхаа хамгийн үнэтэй мөчүүдийг
000529.wav|Шөнийн тэнгэрт анивчих оддыг харах үед бидний дотоод сэтгэлд
000530.wav|Хүйтэн өглөө уулын бэлд шөнийн шувуудын дууг сонсохдоо
000531.wav|моддын сүүдэрт суугаад амьдралынхаа хамгийн хэцүү асуултад хариулт олохыг хичээж байсан уу?
000532.wav|Халуун зуны өдөр шүүдэртэй өвсөн дээр хэвтэж байхдаа уулсын дээгүүр хөвөх үүлсийг хараад
000533.wav|ирээдүйнхээ тухай бодсон уу?
000534.wav|Шөнийн хүйтэн агаарт уулсын дундах жижигхээн гэрт амьдарч байхдаа
000535.wav|Халуун өдөр жимсний модны доор сууж байхдаа та амьдралдаа хамгийн ихээр талархах зүйл
000536.wav|Шөнийн тэнгэрт анивчих оддын дунд уулсын бэлд амарч байхдаа та ирээдүйнхээ талаар ямар шийдвэр гаргахыг
000537.wav|Өнгөрсөн өвлийн хүйтэн шөнө уулын хажуугийн жижигхээн байшинд
000538.wav|салхины аясаар хөдлөх мөчир таныг
000539.wav|Жижигхээн шувууд уулсын хормойгоор нисч байхыг хараад бидний зүрхэнд
000540.wav|Халуун зуны орой уулсын бэлд шөнийн сарны гэрэлд жимсний модны доор суухдаа
000541.wav|өөрийн амьдралдаа хамгийн их хүсч буй зүйлээ бодож байв уу?
000542.wav|Өвлийн хүйтэн жаварт уулсын хормойгоор хөвөх үүлс
000543.wav|бидэнд амьдралын ямар шинэ боломжуудыг авчирч болох вэ?
000544.wav|Шөнийн тэнгэрт анивчих оддын дунд уулсын орой дээр шөнийн сарны гэрэл тусах үед
000545.wav|Халуун өдөр уулын хажуугийн моддын дэргэд сууж байхдаа
000546.wav|амьдралдаа хамгийн ихээр дурсан санаж буй
000547.wav|Халуун өдөр уулын хажуугийн моддын дэргэд сууж байхдаа амьдралдаа хамгийн ихээр дурсан
000548.wav|санаж буй мөчөө эргэцүүлж үзсэн үү?
000549.wav|өнгөрсөн шөнө шувуудын дууг сонсон уулсын хормойгоор сарны гэрэл туяарсан үүлсийг ажиглаж байхдаа
000550.wav|Халуун зуны орой шөнийн сарны гэрэл уулсын орой дээгүүр тусахыг харахдаа та амьдралдаа ямар чухал шийдвэр
000551.wav|Өнөө өглөө ажилдаа явах замдаа автобус хүлээж байхдаа нэг танилтайгаа тааралдаад
000552.wav|удаан хугацаанд уулзаагүй болохоор
000553.wav|Өнөө өглөө ажилдаа явахдаа
000554.wav|Өнөө өглөө ажилдаа явах замдаа автобус хүлээж байхдаа нэг танилтайгаа тааралдаад
000555.wav|удаан хугацаанд уулзаагүй болохоор түүний амьдралын сонин сайхныг сонсож
000556.wav|хөгжилтэй яриа өрнүүлсэн миний өдрийг эхлүүлэхэд
000557.wav|Өчигдөр орой ажлаа дуусгаж гэртээ ирэхэд галт тогоонд хоол хийх үнэр дүүрэн байж
000558.wav|Би ширээ засахдаа багаасаа суралцсан эхийнхээ зааж өгсөн бүхнийг санан бодон суух
000559.wav|Өнөө өглөө цайгаа ууж амжсангүй ээ.
000560.wav|Яагаад гэвэл сэрүүлгээ буруу цагт тохируулсан байсан болохоор бүгдийг яаран хийж гарах шаардлага гарсан.
000561.wav|Гэхдээ өдрийн хоолондоо заавал сайхан зүйл идэхийг
000562.wav|Би өчигдөр орой ажлын хамт олонтойгоо шинэ төслийнхөө талаар хурал хийж
000563.wav|түүний дараа их хотын гэрэл гэгээтэй гудамжаар алхаж байхдаа
000564.wav|боломжуудын талаар удаан эргэцүүлж бодлоо.
000565.wav|Хүмүүс ажлын ачааллаас болж стрессддэг
000566.wav|ч би өнөөдөр өөртөө цаг гаргаж,
000567.wav|шинэ санаагаа цэгцлэх хэрэгтэй гэж бодож байна.
000568.wav|Өчигдөр орой гэртээ зурагт үзэж суухдаа
000569.wav|би санамсаргүйгээр хуучны нэг дурсамжийг санаж,
000570.wav|тэр үеийнхээ жижиг зүйлс хүртэл одоог хэр нь миний сэтгэлийг дулаацуулдаг.
000571.wav|Би өнөөдөр өглөө кофе уунгаа шинэ ном уншиж эхэлсэн бөгөөд
000572.wav|түүний эхний хэдэн бүлэгт гарах үйл явдлууд миний сонирхлыг бүрэн татаж
000573.wav|Энэ өдрийн турш түүний талаар бодох байх гэж бодож байна.
000574.wav|Чи өчигдөр ямар сонинтой байв?
000575.wav|Би харин шинэ дэлгүүр нээгдсэн тухай сонсоод орж үзэхэд үнэхээр сонирхолтой
000576.wav|Энэ долоо хоногт маш их ажлаар дарагдсан ч би өөртөө амралт гаргаж, найзуудтайгаа уулзаж, хөгжилтэй цагийг өнгөөрөхийг
000577.wav|Өнөөдөр би хоолны жор туршиж үзэхээр шийдсэн бөгөөд галт тогоонд удаан зогсоод
000578.wav|шинэ амт гаргах гэж хичээж байгаадаа үнэхээр баяртай байсан шүү.
000579.wav|Би өчигдөр найзтайгаа утсаар удаан ярьж,
000580.wav|түүний амьдралын сүүлийн хэдэн сарын түүхийг сонсоод
000581.wav|Бидний найрамдал хичнээн бат бөх гэдгийг
000582.wav|Өнөөдөр гадаа гарч салхинд алхаж байгаад
000583.wav|Хаврын үнэртэй наранд гялалзсан өдрүүдийг
000584.wav|Би өчигдөр орой унтахынхаа өмнө дэлхийн сонин хачин үзэгдлүүдийн талаар нийтлэн
000585.wav|тэдгээрийг бодонгоо нойрссон нь үнэхээр сонирхолтой байсан.
000586.wav|Амралтын өдөр намайг сэрүүн өглөө угтахад
000587.wav|өөрийн ирээдүйн зорилгоо цэгцэлж
000588.wav|Өнгөрсөн амралтын өдөр гэр бүлээрээ цуглан дурсамжтай үйл явдлуудаа хуваалцаж
000589.wav|цаг хугацааны туршид бидний холбоо хэрхэн бэхжсэн тухайгаа ярилцсан нь
000590.wav|Би өчигдөр ажлаа дуусгаад дэлгүүр орж шинэ гал тогооны хэрэгсэл авчихаад гэртээ
000591.wav|гэртээ хичнээн баяртай байсныг чи төсөөлөх үү?
000592.wav|Энэ өглөө би гарахдаа гудамжинд өвлийн сүүлчийн цас хайлж байгааг анзаараад
000593.wav|хавар ирж буй мэдрэмжийг хэн бүхэнд
000594.wav|Өнөөдөр би ажил дээрээ хамт олонтойгоо шинэ санаагаа хуваалцахдаа
000595.wav|өөртөө илүү их эрч хүч нэмсэн юм шиг санагдсан.
000596.wav|Би өчигдөр нэг хуучин дурсамжтай зураг харж тэр нэгэн аз жаргалтай мөчүүдийг эргэн санаж,
000597.wav|өнөөдрийн амьдралд хэрхэн нөлөөлсөн талаар бодлоо.
000598.wav|Өнөөдөр найз маань надтай уулзахаар ирээд,
000599.wav|бид хоёулаа өдрийн хоолоо зооглонгоо
000600.wav|Би өнөөдөр дэлгүүрийн цонхны ард шинэ улирлын хувцаснуудыг хараад дараагийн амралтын өдөр тэндээс
000601.wav|Өнөө өглөө эрт босож кофе чанахдаа би ирэх долоо хоногт
000602.wav|хийх ажлуудаа толөвлөж аль болох
000603.wav|үр бүтээлтэй байхыг өөртөө амлав.
000604.wav|Би амралтын өдөр гэрийнхээ цонхоор гадаа харахад
000605.wav|Би амралтын өдөр гэрийнхээ цонхоор гадаа харахад
000606.wav|хүүхдүүд цасаар тоглож байгааг хараад
000607.wav|Өнөөдөр би ажилдаа очих замдаа байгальд гарч, салхинд алхаад амьдралынхаа талаар илүү гүн бодож үзэх хэрэгтэй гэж шийдсэн.
000608.wav|Энэ долоо хоногт миний хийх зүйлийн жагсаалт урт байсан ч би тэдгээрийг амжилттай дуусгахаар төлөвлөж
000609.wav|өөртөө итгэлтэйгээр ажлаа эхлүүлсэн.
000610.wav|Өнөөдөр би гэртээ цэвэрлэгээ хийхдээ хөгжим сонсож,
000611.wav|бага насны дуртай дуугаа дахин сонсоод өөртөө баяр хөөр авчирсан шүү.
000612.wav|Өчигдөр орой ажлын хамт олонтойгоо оройн хоолонд орж
000613.wav|ирэх сарын төсөл дээр хэрхэн хамтарч ажиллах талаар санал солилцохдоо
000614.wav|Өнөө өглөө найз маань над руу утасдаж
000615.wav|утасдаж шинэ ажилд орсоноо баяртайгаар хуваалцахад
000616.wav|түүний амжилтанд үнэхээр их баярласан.
000617.wav|Энэ амралтын өдөр би гэрийнхээ арын цэцэрлэгт
000618.wav|байгальтай хэр ойрхон байгаагаа мэдэрсэн.
000619.wav|Өнгөрсөн долоо хоногт би маш их ачаалалтай байсан ч
000620.wav|бүх ажлаа төлөвлөж, өөртөө эрч хүч өгсөн нь сайхан байлаа.
000621.wav|Би өчигдөр орой найзынхаа төрсөн өдөрт очиж
000622.wav|хуучин найзуудтайгаа уулзан хөгжилтэй мөчүүдийг дахин сэргээн ярилцсан
000623.wav|Өнөөдөр өглөө ажилдаа явах замдаа гудамжинд алхаж буй хүмүүстэй эелдэг мэндэлж,
000624.wav|тэдний инээмсэглэл надад эрч хүч өгсөн мэт
000625.wav|Өчигдөр дэлгүүр орж, шинэ хоолны жор туршиж үзэх
000626.wav|аваад орой нь гэр бүлдээ амттай
000627.wav|Би өнөөдөр ажлын өдрийн дундуур кофе шоп орж
000628.wav|дуртай ундаагаа авч суухдаа ирэх сардаа хийх ажлуудаа төлөвлөсөн.
000629.wav|Өнөөдөр би гэрийнхээ номын тавиурыг цэгцэлж, багадаа уншиж байсан дуртай
000630.wav|Энэ өглөө би гараад гудамжинд алхаж байхдаа хаврын эхний цэцэгс дэлгэрч байгааг анзаарч байгальд хэрхэн
000631.wav|бидэнд амар амгалан авчирдагийг мэдэрсэн
000632.wav|Би өчигдөр ажлаа дуусгаад найзуудтайгаа уулзаж, ирээдүйн төлөвлөгөөгөө ярилцахад бидний зорилгод 
000633.wav|хичнээн ойролцоо байгааг ойлголоо.
000634.wav|Өнөө өглөө би шинэ цай туршиж үзэхээр шийдээд цонхны дэргэд сууж, шөнийн борооны дараах гудамжийг ажиглахдаа
000635.wav|амралтын өдрөөр би гэртээ сууж дуртай киногоо дахин үзэж
000636.wav|бага насны дурсамжуудаа сэтгэлдээ сэргээсэн нь үнэхээр 
000637.wav|Би энэ долоо хоногт маш их ажилтай байсан өнөө өглөө эрт босоод
000638.wav|өөртөө халуун цай чанаж,
000639.wav|Өчигдөр ажлаа дуусгаад, гэртээ ирэх замдаа байгальд гарч алхахдаа
000640.wav|уулын цэвэр агаарт хэрхэн тайван байдлыг мэдэрч болохыг ойлгосон.
000641.wav|Би өнөөдөр гэртээ шинэ жор туршиж, эхний оролдлого бүтэлгүйтсэн ч
000642.wav|илүү амжилттай байхыг хичээх болно оо гэж өөртөө амалсан.
000643.wav|Өнөөдөр би өглөө босоод цонхоороо нарны туяаг мэдрэн
000644.wav|өглөөний гэрлийг ажиглаж байхдаа
000645.wav|энэ өдрийг бүтээлчээр өнгөрөөх ёстой гэж бодсон.
000646.wav|Амралтын өдөр найзуудтайгаа уулзаж бидний хамт өнгөрүүлсэн хөгжилтэй мөчүүдийг эргэн дурсахад
000647.wav|Би өчигдөр нэг сонирхолтой нийтлэл уншиж түүнийгээ найзууддаа
000648.wav|Өнөөдөр ажилдаа очоод ярилцахаар хүлээж байна.
000649.wav|Энэ өглөө би цонхоороо шувуудын жиргээг
000650.wav|Энэ өглөө би цонхоороо шувуудын жиргээг сонсон
000651.wav|энэ өдрийнхөө бүх ажлыг амжилттай дуусгах эрч хүч авсан
000652.wav|Би өчигдөр гэрийнхээ тавилгыг цэгцэлж байхдаа хэдэн жилийн өмнө ашиглаж байсан
000653.wav|тэр үед бичиж байсан тэмдэглэлээ уншаад инээд хүрсэн.
000654.wav|Өнөөдөр би гадаа гарч байгальд алхахдаа өөрийн амьдралдаа юуг илүү их анхаарч, юунд баярлах ёстойгоо илүү сайн ойлголоо.
000655.wav|Өнгөрсөн амралтын өдөр гэр бүлээрээ цуглан тэдний дунд байхад амьдралын хамгийн аз жаргалтай мөчүүд
000656.wav|Өчигдөр би ажлаа дуусгаад оройн хоол хийж
000657.wav|гэр бүлтэйгээ цагийг өнгөрөөхдөө

https://we.tl/t-8geOCSRtqi